event_id,customer_id,event_type,occurred_at
E000001,C0001,open,2025-12-22T19:06:05+00:00
E000002,C0001,open,2025-12-08T21:45:27+00:00
E000003,C0001,open,2025-11-19T17:46:55+00:00
E000004,C0001,click,2025-10-28T08:40:50+00:00
E000005,C0001,click,2026-01-05T20:23:32+00:00
E000006,C0001,click,2025-10-20T17:09:54+00:00
E000007,C0001,open,2025-11-19T17:15:49+00:00
E000008,C0001,open,2025-11-28T21:02:38+00:00
E000009,C0001,open,2025-11-18T11:28:48+00:00
E000010,C0002,open,2025-11-07T19:41:17+00:00
E000011,C0002,open,2025-12-31T18:31:33+00:00
E000012,C0002,open,2025-11-04T19:45:28+00:00
E000013,C0002,open,2025-10-28T20:12:07+00:00
E000014,C0002,open,2026-01-05T20:05:51+00:00
E000015,C0002,open,2025-12-05T17:35:34+00:00
E000016,C0003,click,2025-12-25T22:40:11+00:00
E000017,C0004,open,2025-12-30T04:15:50+00:00
E000018,C0004,open,2025-11-28T19:29:51+00:00
E000019,C0004,click,2025-12-29T17:04:19+00:00
E000020,C0004,open,2025-11-14T20:52:36+00:00
E000021,C0004,open,2025-12-05T20:29:43+00:00
E000022,C0004,open,2025-12-29T17:40:37+00:00
E000023,C0004,open,2025-12-29T17:53:07+00:00
E000024,C0004,open,2025-12-05T19:59:45+00:00
E000025,C0004,open,2025-11-09T02:16:12+00:00
E000026,C0004,open,2025-11-05T19:39:34+00:00
E000027,C0006,open,2025-10-31T04:10:42+00:00
E000028,C0006,open,2025-10-29T21:02:52+00:00
E000029,C0006,click,2026-01-02T21:16:41+00:00
E000030,C0006,open,2025-10-31T17:31:56+00:00
E000031,C0006,open,2025-12-08T19:30:15+00:00
E000032,C0006,click,2025-10-17T20:04:44+00:00
E000033,C0006,open,2025-11-19T20:13:21+00:00
E000034,C0006,open,2025-12-05T10:46:55+00:00
E000035,C0006,open,2025-11-24T19:32:35+00:00
E000036,C0006,open,2025-12-15T19:28:15+00:00
E000037,C0006,open,2026-01-08T20:55:39+00:00
E000038,C0006,open,2025-12-25T18:46:20+00:00
E000039,C0006,open,2025-12-25T21:29:31+00:00
E000040,C0007,open,2026-01-03T16:29:15+00:00
E000041,C0007,open,2025-11-28T19:31:38+00:00
E000042,C0007,click,2025-10-23T19:34:00+00:00
E000043,C0007,click,2025-11-20T19:46:23+00:00
E000044,C0007,click,2025-11-28T17:36:35+00:00
E000045,C0007,open,2025-11-05T20:32:28+00:00
E000046,C0007,click,2025-12-10T19:43:39+00:00
E000047,C0007,open,2026-01-02T19:35:23+00:00
E000048,C0007,click,2025-12-19T20:32:02+00:00
E000049,C0008,open,2025-12-03T16:29:09+00:00
E000050,C0008,open,2025-11-10T21:20:10+00:00
E000051,C0008,open,2025-10-28T19:37:21+00:00
E000052,C0008,open,2025-11-10T21:19:30+00:00
E000053,C0008,click,2025-11-28T17:26:37+00:00
E000054,C0009,click,2025-10-17T21:30:16+00:00
E000055,C0009,click,2025-10-31T17:37:30+00:00
E000056,C0009,open,2025-10-24T20:09:52+00:00
E000057,C0009,open,2026-01-09T17:12:01+00:00
E000058,C0009,open,2025-11-21T18:26:32+00:00
E000059,C0009,click,2025-11-15T23:46:03+00:00
E000060,C0009,click,2025-11-07T19:42:30+00:00
E000061,C0009,open,2025-12-05T14:58:34+00:00
E000062,C0009,open,2025-11-28T19:39:30+00:00
E000063,C0009,open,2025-12-12T19:14:19+00:00
E000064,C0009,click,2025-12-19T20:20:30+00:00
E000065,C0009,open,2025-12-10T21:43:34+00:00
E000066,C0010,click,2025-11-25T04:18:02+00:00
E000067,C0010,open,2026-01-02T20:41:16+00:00
E000068,C0010,click,2025-12-18T21:17:59+00:00
E000069,C0010,open,2025-12-11T21:47:37+00:00
E000070,C0010,open,2026-01-08T21:14:40+00:00
E000071,C0010,open,2026-01-02T20:06:43+00:00
E000072,C0010,click,2026-01-14T05:26:41+00:00
E000073,C0010,click,2025-11-14T18:48:18+00:00
E000074,C0010,open,2025-10-24T17:41:36+00:00
E000075,C0010,open,2026-01-10T05:26:56+00:00
E000076,C0010,click,2026-01-10T12:50:31+00:00
E000077,C0011,click,2025-12-08T00:19:36+00:00
E000078,C0011,open,2025-11-30T13:56:08+00:00
E000079,C0011,click,2025-11-16T10:21:10+00:00
E000080,C0011,click,2025-10-19T11:00:47+00:00
E000081,C0011,open,2025-12-07T11:11:39+00:00
E000082,C0011,click,2025-11-24T16:20:05+00:00
E000083,C0011,open,2025-12-28T11:30:20+00:00
E000084,C0014,open,2025-11-18T10:19:37+00:00
E000085,C0014,click,2026-01-11T12:44:15+00:00
E000086,C0014,open,2025-12-28T11:25:43+00:00
E000087,C0014,open,2025-12-06T12:23:39+00:00
E000088,C0014,open,2025-12-28T13:47:38+00:00
E000089,C0014,open,2025-10-12T13:48:34+00:00
E000090,C0014,click,2025-12-18T21:48:38+00:00
E000091,C0014,click,2026-01-04T12:04:58+00:00
E000092,C0014,open,2026-01-07T16:12:36+00:00
E000093,C0015,open,2025-11-09T11:45:37+00:00
E000094,C0015,open,2025-11-09T10:29:08+00:00
E000095,C0015,open,2025-11-16T13:43:51+00:00
E000096,C0015,open,2026-01-11T10:47:13+00:00
E000097,C0015,open,2026-01-04T10:34:03+00:00
E000098,C0015,click,2026-01-06T15:02:18+00:00
E000099,C0015,open,2025-12-28T23:41:26+00:00
E000100,C0015,open,2025-11-23T13:24:05+00:00
E000101,C0015,open,2025-10-22T04:41:55+00:00
E000102,C0015,open,2025-12-23T12:33:08+00:00
E000103,C0016,click,2026-01-12T14:43:46+00:00
E000104,C0016,open,2025-11-07T18:15:29+00:00
E000105,C0016,open,2025-12-10T17:02:51+00:00
E000106,C0016,open,2025-10-28T00:15:13+00:00
E000107,C0016,open,2025-10-30T21:43:45+00:00
E000108,C0016,click,2025-12-12T20:28:14+00:00
E000109,C0016,open,2026-01-07T19:14:52+00:00
E000110,C0016,click,2025-10-31T21:49:43+00:00
E000111,C0016,click,2025-12-15T18:42:33+00:00
E000112,C0016,open,2025-12-05T21:37:56+00:00
E000113,C0016,click,2025-12-23T20:35:31+00:00
E000114,C0017,click,2025-10-19T12:44:26+00:00
E000115,C0017,open,2025-12-07T13:15:54+00:00
E000116,C0017,open,2025-12-27T01:35:26+00:00
E000117,C0017,click,2025-11-02T13:15:16+00:00
E000118,C0017,open,2025-10-19T13:54:23+00:00
E000119,C0018,open,2025-12-19T20:43:38+00:00
E000120,C0018,open,2026-01-05T21:46:42+00:00
E000121,C0018,open,2025-11-14T19:19:58+00:00
E000122,C0018,open,2025-12-21T03:47:48+00:00
E000123,C0018,open,2025-12-12T18:25:58+00:00
E000124,C0018,open,2025-12-04T12:29:34+00:00
E000125,C0019,open,2025-11-28T20:29:06+00:00
E000126,C0019,click,2025-11-15T10:58:13+00:00
E000127,C0019,open,2025-11-21T18:47:09+00:00
E000128,C0019,open,2025-11-05T18:46:26+00:00
E000129,C0019,open,2025-12-19T20:36:53+00:00
E000130,C0019,open,2025-11-05T19:16:48+00:00
E000131,C0019,click,2025-10-24T20:10:46+00:00
E000132,C0019,click,2025-12-24T21:31:11+00:00
E000133,C0019,click,2025-11-06T01:33:02+00:00
E000134,C0019,click,2026-01-05T21:03:48+00:00
E000135,C0019,open,2025-12-28T07:04:45+00:00
E000136,C0019,open,2025-12-18T19:03:39+00:00
E000137,C0019,open,2025-10-28T21:31:01+00:00
E000138,C0021,open,2026-01-11T12:34:18+00:00
E000139,C0021,open,2025-10-12T11:06:58+00:00
E000140,C0021,open,2025-12-21T12:52:22+00:00
E000141,C0021,open,2025-11-23T13:29:36+00:00
E000142,C0021,open,2025-10-12T10:41:54+00:00
E000143,C0021,open,2026-01-10T13:24:35+00:00
E000144,C0021,open,2025-10-25T11:05:31+00:00
E000145,C0021,click,2025-10-24T18:54:06+00:00
E000146,C0021,click,2026-01-04T13:17:02+00:00
E000147,C0021,click,2025-10-19T17:36:42+00:00
E000148,C0021,open,2025-11-30T11:37:09+00:00
E000149,C0021,click,2025-11-25T09:10:36+00:00
E000150,C0021,open,2025-11-23T12:24:48+00:00
E000151,C0022,click,2025-10-17T21:47:22+00:00
E000152,C0022,open,2025-11-20T17:21:38+00:00
E000153,C0022,click,2025-10-30T19:01:40+00:00
E000154,C0022,open,2025-11-18T19:35:24+00:00
E000155,C0022,open,2025-10-17T20:05:49+00:00
E000156,C0022,open,2025-12-12T17:17:09+00:00
E000157,C0022,open,2025-10-24T20:20:23+00:00
E000158,C0022,open,2026-01-14T14:23:48+00:00
E000159,C0022,open,2025-12-29T20:28:35+00:00
E000160,C0022,open,2025-11-21T17:22:35+00:00
E000161,C0023,open,2025-12-04T00:18:26+00:00
E000162,C0023,open,2026-01-04T11:36:33+00:00
E000163,C0023,open,2025-11-23T12:19:17+00:00
E000164,C0023,open,2026-01-04T12:26:19+00:00
E000165,C0023,open,2026-01-04T11:46:40+00:00
E000166,C0023,open,2025-10-26T10:08:19+00:00
E000167,C0024,click,2025-12-03T12:51:55+00:00
E000168,C0024,open,2025-12-03T21:08:19+00:00
E000169,C0024,open,2025-10-17T19:11:25+00:00
E000170,C0024,click,2025-12-08T20:36:50+00:00
E000171,C0024,open,2025-11-27T20:23:07+00:00
E000172,C0025,open,2025-11-06T17:01:46+00:00
E000173,C0025,open,2025-12-19T09:53:44+00:00
E000174,C0026,click,2025-11-21T18:40:19+00:00
E000175,C0026,open,2025-10-22T20:50:24+00:00
E000176,C0026,open,2025-10-30T20:34:32+00:00
E000177,C0026,click,2025-10-17T17:50:23+00:00
E000178,C0026,click,2025-11-07T17:06:49+00:00
E000179,C0026,open,2025-10-21T21:02:36+00:00
E000180,C0027,open,2025-11-24T10:50:27+00:00
E000181,C0027,open,2025-12-28T11:28:23+00:00
E000182,C0027,open,2025-10-19T11:22:01+00:00
E000183,C0027,open,2025-12-07T10:07:53+00:00
E000184,C0027,click,2025-12-27T12:29:50+00:00
E000185,C0027,open,2025-11-09T10:28:46+00:00
E000186,C0027,open,2025-11-30T10:51:45+00:00
E000187,C0027,open,2025-11-30T11:59:47+00:00
E000188,C0027,open,2025-12-21T12:35:27+00:00
E000189,C0027,click,2025-12-16T20:11:11+00:00
E000190,C0027,open,2025-11-16T11:28:37+00:00
E000191,C0027,open,2026-01-11T11:17:48+00:00
E000192,C0027,click,2026-01-04T11:23:20+00:00
E000193,C0027,open,2025-12-28T13:33:40+00:00
E000194,C0027,open,2025-11-23T10:22:22+00:00
E000195,C0028,open,2025-10-20T19:58:39+00:00
E000196,C0028,open,2025-10-20T17:15:19+00:00
E000197,C0028,open,2025-11-28T21:24:26+00:00
E000198,C0028,open,2025-10-31T18:31:40+00:00
E000199,C0028,open,2025-10-24T05:35:10+00:00
E000200,C0028,open,2025-12-26T20:39:03+00:00
E000201,C0028,click,2026-01-13T18:52:24+00:00
E000202,C0028,click,2025-11-11T20:43:31+00:00
E000203,C0028,open,2025-11-19T17:36:01+00:00
E000204,C0028,click,2025-12-17T19:14:34+00:00
E000205,C0028,open,2025-11-17T20:35:32+00:00
E000206,C0028,open,2025-12-31T21:52:23+00:00
E000207,C0029,click,2026-01-09T14:34:13+00:00
E000208,C0029,click,2026-01-01T20:48:15+00:00
E000209,C0030,click,2026-01-10T12:55:52+00:00
E000210,C0030,open,2025-12-30T07:13:51+00:00
E000211,C0030,click,2025-10-18T13:10:39+00:00
E000212,C0030,open,2025-12-19T01:36:22+00:00
E000213,C0030,open,2025-10-26T12:45:18+00:00
E000214,C0030,open,2025-12-11T16:57:43+00:00
E000215,C0030,click,2025-12-28T13:58:03+00:00
E000216,C0030,click,2025-10-19T11:15:09+00:00
E000217,C0030,click,2025-12-14T21:25:31+00:00
E000218,C0030,open,2025-10-26T13:24:28+00:00
E000219,C0030,open,2026-01-03T12:44:59+00:00
E000220,C0030,click,2025-11-17T10:37:00+00:00
E000221,C0031,click,2025-11-17T19:54:04+00:00
E000222,C0031,click,2025-11-25T20:52:13+00:00
E000223,C0031,open,2025-12-04T10:35:36+00:00
E000224,C0031,open,2025-11-13T21:48:03+00:00
E000225,C0031,open,2025-10-26T14:01:07+00:00
E000226,C0031,click,2025-12-25T17:27:12+00:00
E000227,C0032,click,2025-12-05T19:05:41+00:00
E000228,C0032,open,2026-01-02T18:03:25+00:00
E000229,C0032,open,2025-10-17T13:41:05+00:00
E000230,C0032,click,2026-01-14T17:08:37+00:00
E000231,C0032,open,2025-10-17T17:44:21+00:00
E000232,C0032,click,2025-11-21T20:04:14+00:00
E000233,C0032,open,2026-01-01T19:56:19+00:00
E000234,C0034,click,2025-12-26T18:04:33+00:00
E000235,C0034,open,2025-10-28T20:22:46+00:00
E000236,C0034,open,2025-12-26T19:43:28+00:00
E000237,C0034,click,2026-01-03T04:48:07+00:00
E000238,C0034,open,2025-11-26T20:20:50+00:00
E000239,C0034,open,2025-12-10T18:35:38+00:00
E000240,C0034,open,2025-10-29T17:54:54+00:00
E000241,C0034,open,2025-12-05T21:32:12+00:00
E000242,C0034,click,2025-12-08T18:31:24+00:00
E000243,C0034,open,2025-11-12T17:33:56+00:00
E000244,C0034,click,2025-11-29T04:24:55+00:00
E000245,C0035,open,2025-11-02T13:49:04+00:00
E000246,C0035,open,2026-01-04T11:02:59+00:00
E000247,C0035,open,2025-11-23T13:27:44+00:00
E000248,C0035,open,2025-10-25T11:17:05+00:00
E000249,C0035,open,2025-11-10T04:34:20+00:00
E000250,C0035,open,2025-10-25T20:43:41+00:00
E000251,C0035,open,2025-10-12T11:03:15+00:00
E000252,C0035,open,2025-11-16T10:19:42+00:00
E000253,C0035,click,2025-12-21T11:44:00+00:00
E000254,C0035,open,2025-11-30T12:10:23+00:00
E000255,C0035,open,2025-12-07T10:49:57+00:00
E000256,C0035,open,2025-11-16T10:16:45+00:00
E000257,C0035,click,2025-10-26T13:32:23+00:00
E000258,C0035,open,2025-11-02T11:16:49+00:00
E000259,C0036,click,2025-10-20T18:47:32+00:00
E000260,C0036,open,2026-01-13T20:23:24+00:00
E000261,C0036,click,2025-12-23T01:35:51+00:00
E000262,C0036,click,2025-10-23T19:15:26+00:00
E000263,C0036,click,2025-12-05T17:36:23+00:00
E000264,C0036,open,2025-10-20T05:14:51+00:00
E000265,C0036,open,2026-01-09T02:56:29+00:00
E000266,C0036,click,2025-12-05T21:29:00+00:00
E000267,C0036,open,2025-12-08T19:47:39+00:00
E000268,C0037,open,2025-10-31T06:46:57+00:00
E000269,C0037,open,2025-12-14T13:01:14+00:00
E000270,C0037,open,2025-10-25T00:21:00+00:00
E000271,C0037,click,2025-11-27T23:19:06+00:00
E000272,C0037,open,2025-12-14T10:09:45+00:00
E000273,C0037,open,2026-01-09T16:26:44+00:00
E000274,C0037,click,2025-11-17T02:37:06+00:00
E000275,C0037,open,2025-10-25T02:37:36+00:00
E000276,C0038,open,2025-12-28T12:54:20+00:00
E000277,C0038,click,2025-11-23T12:20:28+00:00
E000278,C0038,open,2026-01-05T04:49:49+00:00
E000279,C0038,open,2025-12-21T13:29:20+00:00
E000280,C0038,open,2025-11-02T11:28:19+00:00
E000281,C0039,open,2025-12-30T21:19:52+00:00
E000282,C0040,open,2025-12-04T18:22:25+00:00
E000283,C0040,open,2025-10-20T18:01:25+00:00
E000284,C0040,click,2025-11-04T18:06:29+00:00
E000285,C0040,open,2025-12-26T17:53:49+00:00
E000286,C0040,click,2025-12-29T20:23:43+00:00
E000287,C0040,open,2025-10-24T21:16:58+00:00
E000288,C0040,click,2026-01-12T06:57:41+00:00
E000289,C0040,open,2025-12-29T19:07:02+00:00
E000290,C0040,click,2026-01-08T21:27:52+00:00
E000291,C0040,click,2025-11-12T20:11:22+00:00
E000292,C0040,open,2025-12-22T20:56:09+00:00
E000293,C0040,open,2025-10-27T19:31:26+00:00
E000294,C0040,click,2025-11-14T19:24:08+00:00
E000295,C0040,open,2025-10-24T16:15:40+00:00
E000296,C0041,click,2025-11-27T11:30:34+00:00
E000297,C0041,click,2025-12-01T16:20:24+00:00
E000298,C0042,open,2025-11-30T10:57:51+00:00
E000299,C0042,click,2026-01-07T15:33:22+00:00
E000300,C0042,click,2025-12-16T03:15:42+00:00
E000301,C0042,open,2025-11-07T23:03:48+00:00
E000302,C0042,click,2025-12-14T13:22:59+00:00
E000303,C0042,click,2025-12-21T12:51:47+00:00
E000304,C0042,open,2025-10-26T12:36:36+00:00
E000305,C0042,open,2025-12-21T15:34:19+00:00
E000306,C0042,open,2026-01-10T11:38:14+00:00
E000307,C0043,open,2026-01-14T21:12:51+00:00
E000308,C0043,open,2025-12-23T10:03:01+00:00
E000309,C0043,open,2025-12-27T16:55:23+00:00
E000310,C0043,click,2025-11-28T20:37:06+00:00
E000311,C0043,open,2025-12-04T18:46:27+00:00
E000312,C0044,click,2025-10-23T21:44:56+00:00
E000313,C0044,click,2025-11-28T21:52:11+00:00
E000314,C0044,open,2025-10-17T18:46:00+00:00
E000315,C0044,click,2025-10-31T21:02:11+00:00
E000316,C0044,open,2025-10-28T21:06:59+00:00
E000317,C0044,open,2025-12-03T18:22:20+00:00
E000318,C0044,open,2026-01-03T21:40:46+00:00
E000319,C0044,click,2025-11-18T18:15:44+00:00
E000320,C0044,open,2025-12-13T23:00:03+00:00
E000321,C0044,open,2025-11-22T13:31:56+00:00
E000322,C0044,open,2025-11-06T20:50:55+00:00
E000323,C0044,open,2025-10-17T20:04:51+00:00
E000324,C0044,click,2025-12-08T19:06:04+00:00
E000325,C0044,open,2025-11-27T17:35:57+00:00
E000326,C0044,click,2025-12-02T21:57:30+00:00
E000327,C0045,open,2025-10-19T13:10:03+00:00
E000328,C0045,open,2025-12-19T13:44:35+00:00
E000329,C0045,click,2025-11-02T12:19:15+00:00
E000330,C0045,open,2025-11-23T13:09:03+00:00
E000331,C0045,open,2025-11-16T13:12:06+00:00
E000332,C0047,open,2025-12-08T15:54:07+00:00
E000333,C0047,open,2025-11-25T19:05:41+00:00
E000334,C0047,open,2025-12-22T20:23:11+00:00
E000335,C0047,open,2025-12-12T19:14:53+00:00
E000336,C0047,open,2026-01-07T17:05:42+00:00
E000337,C0047,open,2025-11-06T21:14:35+00:00
E000338,C0047,open,2025-11-26T13:34:43+00:00
E000339,C0047,click,2025-11-14T18:30:19+00:00
E000340,C0049,click,2026-01-10T11:07:48+00:00
E000341,C0049,open,2025-12-24T06:08:02+00:00
E000342,C0049,open,2025-10-19T11:53:38+00:00
E000343,C0049,open,2026-01-04T13:35:20+00:00
E000344,C0049,click,2025-11-09T10:50:44+00:00
E000345,C0049,open,2025-11-09T03:26:09+00:00
E000346,C0049,open,2025-10-26T10:59:06+00:00
E000347,C0049,open,2026-01-02T17:56:22+00:00
E000348,C0049,click,2025-12-07T13:36:38+00:00
E000349,C0049,open,2025-12-21T11:39:38+00:00
E000350,C0049,open,2025-11-23T12:44:15+00:00
E000351,C0049,open,2025-11-15T11:01:21+00:00
E000352,C0049,click,2025-12-07T13:54:44+00:00
E000353,C0049,open,2025-12-14T13:49:52+00:00
E000354,C0050,open,2025-11-21T17:12:28+00:00
E000355,C0050,open,2025-11-21T21:55:23+00:00
E000356,C0050,click,2025-11-10T02:19:45+00:00
E000357,C0050,open,2025-12-28T16:56:36+00:00
E000358,C0050,open,2025-12-21T06:53:03+00:00
E000359,C0050,open,2025-11-17T19:45:12+00:00
E000360,C0050,open,2025-11-14T17:43:01+00:00
E000361,C0050,open,2025-11-13T18:55:30+00:00
E000362,C0050,open,2025-12-01T19:47:53+00:00
E000363,C0050,open,2025-12-09T17:10:54+00:00
E000364,C0051,click,2025-10-19T11:17:41+00:00
E000365,C0051,open,2026-01-12T21:00:30+00:00
E000366,C0051,click,2025-10-19T10:14:16+00:00
E000367,C0051,open,2025-12-06T12:27:57+00:00
E000368,C0051,open,2025-11-30T11:29:19+00:00
E000369,C0051,open,2025-10-26T10:00:32+00:00
E000370,C0051,click,2025-11-23T12:19:43+00:00
E000371,C0051,open,2026-01-04T12:40:20+00:00
E000372,C0051,click,2025-12-07T12:12:09+00:00
E000373,C0051,open,2025-12-15T19:25:42+00:00
E000374,C0051,open,2025-12-28T13:18:16+00:00
E000375,C0052,open,2026-01-09T21:52:12+00:00
E000376,C0052,open,2025-12-17T20:58:42+00:00
E000377,C0052,open,2025-12-07T21:56:35+00:00
E000378,C0052,open,2026-01-02T19:46:51+00:00
E000379,C0052,open,2025-12-22T10:41:05+00:00
E000380,C0052,open,2025-12-17T19:26:50+00:00
E000381,C0052,click,2025-11-28T19:29:54+00:00
E000382,C0052,open,2026-01-08T18:37:39+00:00
E000383,C0052,open,2025-12-19T20:33:19+00:00
E000384,C0052,open,2025-12-26T18:21:26+00:00
E000385,C0052,click,2025-11-17T18:49:05+00:00
E000386,C0052,open,2025-10-26T10:40:03+00:00
E000387,C0052,open,2025-12-10T18:36:48+00:00
E000388,C0052,open,2026-01-02T20:40:27+00:00
E000389,C0053,open,2025-11-14T17:34:12+00:00
E000390,C0053,click,2026-01-13T16:12:01+00:00
E000391,C0053,open,2025-10-24T18:44:56+00:00
E000392,C0053,open,2025-12-29T21:37:19+00:00
E000393,C0053,open,2026-01-09T19:29:46+00:00
E000394,C0053,open,2025-11-07T18:21:57+00:00
E000395,C0053,open,2025-12-19T20:01:14+00:00
E000396,C0053,open,2025-12-29T17:37:32+00:00
E000397,C0053,open,2025-11-28T17:24:56+00:00
E000398,C0053,open,2025-11-07T21:03:42+00:00
E000399,C0053,open,2026-01-12T17:26:28+00:00
E000400,C0054,open,2025-12-13T11:13:44+00:00
E000401,C0054,open,2026-01-11T10:42:33+00:00
E000402,C0054,open,2025-10-26T13:53:57+00:00
E000403,C0054,open,2025-10-26T10:50:06+00:00
E000404,C0054,open,2025-10-26T12:53:33+00:00
E000405,C0054,click,2025-11-30T12:10:02+00:00
E000406,C0054,open,2025-12-14T13:21:15+00:00
E000407,C0054,open,2025-10-19T10:53:36+00:00
E000408,C0054,open,2025-12-26T16:04:46+00:00
E000409,C0054,click,2025-12-13T13:18:16+00:00
E000410,C0054,open,2026-01-02T01:54:18+00:00
E000411,C0055,click,2025-11-30T10:06:54+00:00
E000412,C0055,click,2026-01-04T11:42:41+00:00
E000413,C0055,open,2025-11-30T19:17:56+00:00
E000414,C0055,click,2025-11-28T05:07:25+00:00
E000415,C0055,open,2025-11-16T13:44:54+00:00
E000416,C0055,open,2025-11-22T11:07:08+00:00
E000417,C0055,open,2026-01-07T05:06:26+00:00
E000418,C0055,click,2025-11-14T21:28:11+00:00
E000419,C0055,open,2025-11-30T11:30:58+00:00
E000420,C0055,open,2025-11-23T10:16:41+00:00
E000421,C0056,open,2025-10-20T23:36:46+00:00
E000422,C0057,open,2025-10-21T16:33:44+00:00
E000423,C0057,click,2026-01-02T18:30:22+00:00
E000424,C0057,open,2025-10-24T21:57:39+00:00
E000425,C0057,open,2025-10-24T16:54:30+00:00
E000426,C0057,click,2025-12-24T20:20:15+00:00
E000427,C0057,open,2025-12-10T18:35:41+00:00
E000428,C0057,open,2025-12-15T20:51:36+00:00
E000429,C0057,open,2025-11-12T17:31:47+00:00
E000430,C0057,open,2026-01-01T17:35:35+00:00
E000431,C0057,open,2026-01-03T19:40:19+00:00
E000432,C0057,click,2025-11-04T20:21:23+00:00
E000433,C0057,click,2025-12-17T10:35:49+00:00
E000434,C0057,open,2025-11-14T19:45:28+00:00
E000435,C0057,open,2025-10-22T19:22:53+00:00
E000436,C0058,open,2025-11-23T10:57:10+00:00
E000437,C0058,open,2025-11-23T11:12:07+00:00
E000438,C0058,click,2025-11-23T11:45:21+00:00
E000439,C0058,open,2025-11-22T10:49:57+00:00
E000440,C0058,open,2025-10-19T11:31:00+00:00
E000441,C0058,open,2026-01-04T13:53:37+00:00
E000442,C0058,open,2025-11-10T05:44:37+00:00
E000443,C0058,open,2025-12-28T12:32:56+00:00
E000444,C0058,open,2025-10-29T07:17:25+00:00
E000445,C0058,click,2025-12-07T11:08:26+00:00
E000446,C0058,open,2025-11-09T12:45:47+00:00
E000447,C0058,click,2025-10-26T11:39:45+00:00
E000448,C0059,open,2025-10-20T18:32:34+00:00
E000449,C0059,open,2025-12-04T19:35:30+00:00
E000450,C0059,open,2025-10-21T21:18:56+00:00
E000451,C0059,click,2026-01-13T17:24:09+00:00
E000452,C0059,open,2026-01-07T18:18:43+00:00
E000453,C0059,open,2026-01-07T19:13:48+00:00
E000454,C0059,open,2025-11-30T03:39:55+00:00
E000455,C0059,open,2025-11-04T23:41:35+00:00
E000456,C0059,open,2025-11-10T22:18:44+00:00
E000457,C0060,open,2025-11-27T21:20:35+00:00
E000458,C0060,open,2025-12-13T14:53:14+00:00
E000459,C0061,click,2025-10-19T11:49:46+00:00
E000460,C0061,click,2025-12-07T10:11:11+00:00
E000461,C0061,click,2025-12-28T13:17:35+00:00
E000462,C0061,open,2025-12-21T12:00:21+00:00
E000463,C0061,open,2025-12-21T12:38:03+00:00
E000464,C0061,click,2025-10-26T12:31:50+00:00
E000465,C0061,open,2025-11-30T12:33:14+00:00
E000466,C0061,click,2025-11-09T11:26:34+00:00
E000467,C0061,open,2026-01-03T11:42:21+00:00
E000468,C0061,open,2025-12-07T13:35:52+00:00
E000469,C0061,click,2025-10-19T12:28:15+00:00
E000470,C0061,click,2025-10-28T07:02:43+00:00
E000471,C0061,click,2025-11-27T03:24:16+00:00
E000472,C0061,open,2025-12-07T12:32:51+00:00
E000473,C0061,open,2025-11-09T11:20:32+00:00
E000474,C0063,open,2025-11-02T10:13:42+00:00
E000475,C0063,open,2025-12-18T13:53:06+00:00
E000476,C0063,open,2025-10-17T23:49:27+00:00
E000477,C0063,open,2026-01-04T11:01:29+00:00
E000478,C0063,click,2026-01-10T10:11:50+00:00
E000479,C0063,open,2026-01-04T11:58:16+00:00
E000480,C0064,open,2025-10-26T12:01:24+00:00
E000481,C0064,open,2025-11-02T10:48:47+00:00
E000482,C0064,open,2025-10-17T11:59:32+00:00
E000483,C0064,open,2025-10-19T10:18:48+00:00
E000484,C0064,click,2025-11-23T10:30:10+00:00
E000485,C0064,open,2025-12-28T12:40:09+00:00
E000486,C0064,open,2025-10-19T10:35:55+00:00
E000487,C0064,open,2025-12-28T13:34:35+00:00
E000488,C0064,click,2025-12-06T12:13:26+00:00
E000489,C0064,click,2025-11-09T11:14:39+00:00
E000490,C0064,click,2025-12-21T10:54:48+00:00
E000491,C0065,open,2025-11-02T10:16:06+00:00
E000492,C0065,open,2025-11-01T12:22:08+00:00
E000493,C0065,open,2025-12-14T10:57:12+00:00
E000494,C0065,open,2025-11-16T12:44:37+00:00
E000495,C0065,open,2025-11-02T12:27:10+00:00
E000496,C0065,open,2025-12-14T22:47:41+00:00
E000497,C0065,open,2025-11-29T12:56:30+00:00
E000498,C0065,open,2025-11-30T15:35:06+00:00
E000499,C0065,open,2025-10-26T12:54:52+00:00
E000500,C0065,open,2025-11-02T10:46:04+00:00
E000501,C0065,click,2025-11-09T13:49:37+00:00
E000502,C0065,open,2026-01-10T13:41:49+00:00
E000503,C0065,open,2025-11-23T12:08:29+00:00
E000504,C0066,open,2025-11-11T18:54:51+00:00
E000505,C0066,click,2025-10-17T21:08:28+00:00
E000506,C0066,open,2025-11-03T21:55:09+00:00
E000507,C0066,click,2025-11-14T01:14:48+00:00
E000508,C0066,open,2026-01-06T18:02:42+00:00
E000509,C0066,open,2025-11-28T20:56:02+00:00
E000510,C0066,open,2025-10-23T21:40:53+00:00
E000511,C0066,open,2025-12-12T21:11:24+00:00
E000512,C0066,open,2025-11-28T17:33:16+00:00
E000513,C0067,click,2025-12-17T19:52:55+00:00
E000514,C0067,open,2025-11-14T00:32:56+00:00
E000515,C0067,open,2025-12-24T21:41:17+00:00
E000516,C0067,open,2025-12-22T21:45:52+00:00
E000517,C0067,open,2025-12-16T19:46:07+00:00
E000518,C0067,open,2025-11-14T21:10:41+00:00
E000519,C0067,click,2026-01-12T18:36:37+00:00
E000520,C0067,open,2025-10-24T21:09:03+00:00
E000521,C0067,open,2025-12-22T20:38:36+00:00
E000522,C0067,open,2025-10-22T02:13:28+00:00
E000523,C0067,open,2025-11-15T05:14:53+00:00
E000524,C0068,open,2025-11-01T05:39:42+00:00
E000525,C0068,open,2025-12-24T19:59:29+00:00
E000526,C0068,open,2026-01-06T20:08:06+00:00
E000527,C0068,open,2025-11-09T16:43:26+00:00
E000528,C0068,click,2025-10-29T20:57:39+00:00
E000529,C0068,open,2025-11-07T17:05:30+00:00
E000530,C0068,open,2025-10-29T17:57:49+00:00
E000531,C0068,open,2025-11-20T19:55:02+00:00
E000532,C0068,open,2025-11-21T20:50:49+00:00
E000533,C0068,open,2025-10-31T22:36:06+00:00
E000534,C0068,open,2025-12-12T18:58:54+00:00
E000535,C0069,open,2025-11-06T18:00:45+00:00
E000536,C0069,click,2026-01-14T17:33:00+00:00
E000537,C0069,open,2025-12-19T19:26:23+00:00
E000538,C0069,open,2025-11-21T19:16:54+00:00
E000539,C0069,open,2025-11-03T19:43:25+00:00
E000540,C0069,click,2025-11-21T21:30:11+00:00
E000541,C0070,open,2025-11-14T19:36:22+00:00
E000542,C0070,click,2025-11-25T17:47:14+00:00
E000543,C0070,open,2025-10-17T03:13:32+00:00
E000544,C0070,open,2025-12-02T19:44:43+00:00
E000545,C0070,click,2025-12-25T17:51:05+00:00
E000546,C0070,click,2025-11-15T13:05:04+00:00
E000547,C0070,open,2025-11-28T17:46:24+00:00
E000548,C0070,click,2025-11-24T21:18:45+00:00
E000549,C0070,click,2026-01-07T05:40:31+00:00
E000550,C0070,open,2025-12-20T16:18:12+00:00
E000551,C0071,click,2025-11-10T18:39:10+00:00
E000552,C0071,open,2025-11-28T17:10:05+00:00
E000553,C0071,click,2025-11-24T20:25:37+00:00
E000554,C0071,open,2026-01-13T17:58:05+00:00
E000555,C0071,open,2025-11-04T11:22:52+00:00
E000556,C0072,open,2025-12-19T20:36:00+00:00
E000557,C0072,open,2025-11-21T21:04:32+00:00
E000558,C0072,open,2025-12-31T08:56:34+00:00
E000559,C0072,click,2025-10-31T20:24:36+00:00
E000560,C0072,open,2025-12-14T14:43:29+00:00
E000561,C0072,click,2026-01-09T19:04:24+00:00
E000562,C0072,open,2025-12-17T18:51:20+00:00
E000563,C0072,open,2025-11-28T17:44:53+00:00
E000564,C0072,open,2025-12-09T19:04:35+00:00
E000565,C0073,open,2025-11-30T12:11:47+00:00
E000566,C0073,open,2025-12-21T11:15:47+00:00
E000567,C0073,open,2025-12-07T11:53:15+00:00
E000568,C0073,click,2025-11-30T10:07:58+00:00
E000569,C0073,open,2025-10-19T10:48:54+00:00
E000570,C0073,open,2026-01-09T11:39:20+00:00
E000571,C0073,open,2025-11-02T15:11:48+00:00
E000572,C0074,open,2025-12-17T04:03:33+00:00
E000573,C0074,click,2025-11-14T01:32:22+00:00
E000574,C0075,click,2025-12-23T17:44:33+00:00
E000575,C0075,open,2025-10-17T18:24:37+00:00
E000576,C0075,open,2025-11-28T19:11:35+00:00
E000577,C0075,open,2025-12-11T21:21:23+00:00
E000578,C0075,open,2025-11-21T19:23:54+00:00
E000579,C0075,open,2025-11-18T18:36:43+00:00
E000580,C0075,open,2026-01-02T18:35:27+00:00
E000581,C0075,click,2025-12-19T18:30:51+00:00
E000582,C0075,open,2025-11-21T21:34:46+00:00
E000583,C0075,open,2025-11-13T21:54:36+00:00
E000584,C0075,open,2026-01-02T17:13:52+00:00
E000585,C0076,open,2025-10-24T19:16:23+00:00
E000586,C0076,open,2025-11-04T08:22:01+00:00
E000587,C0076,open,2025-12-01T19:12:36+00:00
E000588,C0076,open,2025-10-23T19:22:20+00:00
E000589,C0076,open,2025-11-13T14:56:05+00:00
E000590,C0076,open,2025-12-09T18:55:10+00:00
E000591,C0076,open,2025-12-02T21:36:25+00:00
E000592,C0076,click,2026-01-05T19:14:20+00:00
E000593,C0076,open,2025-12-08T21:41:25+00:00
E000594,C0076,open,2025-11-19T11:47:37+00:00
E000595,C0076,open,2025-11-18T18:54:01+00:00
E000596,C0076,open,2025-12-15T17:13:10+00:00
E000597,C0077,open,2026-01-06T15:35:03+00:00
E000598,C0078,click,2025-11-08T02:06:16+00:00
E000599,C0078,open,2026-01-02T20:19:14+00:00
E000600,C0078,open,2025-12-09T18:08:33+00:00
E000601,C0078,click,2026-01-09T19:55:58+00:00
E000602,C0078,open,2025-11-14T21:59:17+00:00
E000603,C0079,open,2025-10-17T21:38:29+00:00
E000604,C0079,open,2025-10-25T13:33:40+00:00
E000605,C0079,open,2025-12-06T15:34:14+00:00
E000606,C0079,click,2025-11-19T20:16:09+00:00
E000607,C0079,open,2026-01-14T18:22:18+00:00
E000608,C0079,open,2026-01-13T20:48:30+00:00
E000609,C0079,open,2025-11-20T19:14:50+00:00
E000610,C0079,open,2025-11-28T21:27:25+00:00
E000611,C0079,open,2025-10-24T20:14:16+00:00
E000612,C0079,open,2025-10-24T21:51:44+00:00
E000613,C0079,open,2025-12-09T21:51:17+00:00
E000614,C0079,open,2026-01-06T19:07:40+00:00
E000615,C0079,open,2025-11-18T21:31:12+00:00
E000616,C0079,open,2025-12-26T21:01:11+00:00
E000617,C0079,click,2025-12-09T20:46:00+00:00
E000618,C0080,open,2026-01-11T12:26:19+00:00
E000619,C0080,click,2025-11-12T14:44:50+00:00
E000620,C0080,open,2026-01-04T04:03:17+00:00
E000621,C0080,click,2026-01-04T11:12:57+00:00
E000622,C0080,click,2025-11-27T03:49:45+00:00
E000623,C0080,open,2025-11-16T10:12:29+00:00
E000624,C0080,click,2025-12-28T11:30:24+00:00
E000625,C0080,open,2025-12-06T05:40:46+00:00
E000626,C0081,click,2025-11-02T12:30:40+00:00
E000627,C0081,open,2025-11-29T21:13:07+00:00
E000628,C0081,open,2025-11-16T11:50:17+00:00
E000629,C0081,open,2025-11-25T00:02:37+00:00
E000630,C0081,click,2025-11-15T11:23:49+00:00
E000631,C0081,open,2025-12-21T12:59:48+00:00
E000632,C0081,open,2026-01-04T11:44:34+00:00
E000633,C0081,click,2025-12-28T12:35:50+00:00
E000634,C0082,click,2025-11-19T17:44:24+00:00
E000635,C0082,open,2025-12-26T17:31:45+00:00
E000636,C0082,open,2025-12-08T20:12:36+00:00
E000637,C0082,open,2025-12-01T20:17:55+00:00
E000638,C0082,click,2025-11-05T21:09:28+00:00
E000639,C0082,open,2025-12-12T20:00:49+00:00
E000640,C0082,open,2025-11-27T17:39:54+00:00
E000641,C0082,open,2025-10-27T17:42:34+00:00
E000642,C0082,click,2025-12-19T20:49:35+00:00
E000643,C0082,open,2025-12-09T19:07:06+00:00
E000644,C0082,open,2026-01-06T18:11:55+00:00
E000645,C0082,open,2026-01-01T17:02:36+00:00
E000646,C0082,open,2025-11-26T21:39:44+00:00
E000647,C0082,open,2026-01-08T21:45:04+00:00
E000648,C0082,open,2025-12-19T17:29:51+00:00
E000649,C0083,open,2025-11-22T22:03:52+00:00
E000650,C0083,open,2025-11-07T17:53:19+00:00
E000651,C0083,open,2025-12-18T03:06:46+00:00
E000652,C0083,open,2025-11-26T21:42:15+00:00
E000653,C0083,open,2025-12-23T21:26:47+00:00
E000654,C0083,open,2025-10-24T20:44:42+00:00
E000655,C0083,open,2026-01-01T18:35:25+00:00
E000656,C0083,open,2025-10-22T21:28:59+00:00
E000657,C0084,click,2025-11-05T10:54:23+00:00
E000658,C0085,click,2025-11-20T10:38:15+00:00
E000659,C0085,open,2025-12-18T21:59:47+00:00
E000660,C0085,open,2025-11-18T20:00:46+00:00
E000661,C0085,open,2025-12-09T21:08:56+00:00
E000662,C0085,open,2025-12-07T06:54:20+00:00
E000663,C0085,open,2025-10-18T17:32:35+00:00
E000664,C0085,open,2025-10-31T17:29:22+00:00
E000665,C0085,open,2025-12-12T21:15:14+00:00
E000666,C0085,open,2025-12-05T20:36:58+00:00
E000667,C0085,open,2026-01-05T20:11:31+00:00
E000668,C0085,click,2025-10-17T17:38:41+00:00
E000669,C0086,open,2025-11-02T10:58:49+00:00
E000670,C0086,open,2025-11-16T10:55:49+00:00
E000671,C0086,open,2025-10-23T00:40:49+00:00
E000672,C0086,open,2026-01-04T10:20:34+00:00
E000673,C0086,open,2025-11-30T11:09:03+00:00
E000674,C0086,open,2025-11-25T19:36:32+00:00
E000675,C0086,open,2025-11-16T13:09:08+00:00
E000676,C0086,open,2025-11-15T10:35:25+00:00
E000677,C0086,open,2025-11-23T11:48:08+00:00
E000678,C0086,open,2025-12-20T11:35:39+00:00
E000679,C0086,click,2025-11-08T10:17:49+00:00
E000680,C0086,open,2025-10-19T02:07:42+00:00
E000681,C0087,open,2025-11-30T12:38:41+00:00
E000682,C0087,open,2025-12-06T12:39:52+00:00
E000683,C0087,click,2025-11-16T13:02:59+00:00
E000684,C0087,click,2025-12-20T11:48:46+00:00
E000685,C0087,click,2025-12-28T11:39:59+00:00
E000686,C0087,open,2025-12-07T10:19:28+00:00
E000687,C0087,open,2025-11-30T11:13:34+00:00
E000688,C0087,open,2025-12-07T11:44:44+00:00
E000689,C0087,open,2025-11-23T10:16:10+00:00
E000690,C0087,open,2025-12-20T19:17:03+00:00
E000691,C0087,open,2026-01-11T12:42:54+00:00
E000692,C0088,open,2026-01-01T20:24:14+00:00
E000693,C0088,click,2025-11-10T03:57:20+00:00
E000694,C0089,click,2025-11-07T06:32:29+00:00
E000695,C0090,click,2026-01-12T21:19:21+00:00
E000696,C0090,open,2025-12-25T19:22:40+00:00
E000697,C0090,open,2025-11-11T17:40:16+00:00
E000698,C0090,click,2026-01-11T08:14:09+00:00
E000699,C0090,open,2025-11-25T17:46:24+00:00
E000700,C0090,open,2025-10-20T18:26:15+00:00
E000701,C0090,open,2025-11-21T19:21:28+00:00
E000702,C0090,open,2025-12-19T21:34:43+00:00
E000703,C0090,click,2025-12-26T21:58:08+00:00
E000704,C0090,open,2025-12-26T21:58:10+00:00
E000705,C0090,open,2025-11-04T17:11:20+00:00
E000706,C0090,click,2025-12-26T19:56:26+00:00
E000707,C0090,click,2025-12-05T19:09:49+00:00
E000708,C0091,open,2025-12-22T21:39:17+00:00
E000709,C0091,open,2025-10-28T18:14:43+00:00
E000710,C0091,open,2026-01-02T20:08:32+00:00
E000711,C0091,click,2025-11-14T19:11:54+00:00
E000712,C0091,open,2025-11-14T18:14:02+00:00
E000713,C0091,open,2026-01-13T13:14:47+00:00
E000714,C0091,open,2025-12-20T02:11:59+00:00
E000715,C0091,click,2025-11-19T15:44:20+00:00
E000716,C0092,click,2025-11-21T01:38:47+00:00
E000717,C0093,click,2025-11-25T21:38:34+00:00
E000718,C0093,open,2026-01-09T20:29:52+00:00
E000719,C0093,click,2025-12-12T20:47:02+00:00
E000720,C0093,open,2025-11-09T01:12:18+00:00
E000721,C0093,open,2025-12-07T09:29:10+00:00
E000722,C0093,open,2025-10-28T22:33:57+00:00
E000723,C0093,open,2025-10-24T21:07:11+00:00
E000724,C0093,click,2025-10-17T20:26:20+00:00
E000725,C0093,open,2025-12-23T18:56:29+00:00
E000726,C0093,open,2025-12-04T18:45:46+00:00
E000727,C0093,open,2025-12-31T19:05:33+00:00
E000728,C0093,click,2025-11-10T18:24:35+00:00
E000729,C0093,open,2025-12-24T18:55:42+00:00
E000730,C0093,click,2025-12-25T05:49:45+00:00
E000731,C0094,open,2025-12-06T13:18:40+00:00
E000732,C0094,open,2025-12-29T00:39:48+00:00
E000733,C0094,open,2025-11-16T13:34:51+00:00
E000734,C0094,open,2025-11-09T13:29:26+00:00
E000735,C0094,open,2025-10-26T11:56:35+00:00
E000736,C0095,open,2025-11-04T06:03:11+00:00
E000737,C0096,open,2025-11-30T10:42:36+00:00
E000738,C0096,click,2025-12-07T10:03:06+00:00
E000739,C0096,open,2025-12-21T12:39:42+00:00
E000740,C0096,open,2025-10-26T11:29:47+00:00
E000741,C0096,open,2026-01-10T12:20:23+00:00
E000742,C0096,click,2026-01-06T17:04:18+00:00
E000743,C0096,open,2025-12-28T12:21:33+00:00
E000744,C0096,open,2025-12-14T10:06:36+00:00
E000745,C0096,click,2025-10-26T10:30:46+00:00
E000746,C0096,open,2025-12-07T12:16:33+00:00
E000747,C0097,click,2025-10-28T21:46:40+00:00
E000748,C0097,open,2025-12-22T07:45:18+00:00
E000749,C0097,click,2026-01-14T20:40:50+00:00
E000750,C0097,open,2025-12-19T13:26:02+00:00
E000751,C0097,open,2025-11-04T06:00:40+00:00
E000752,C0097,open,2025-12-09T17:19:19+00:00
E000753,C0097,open,2025-12-04T03:43:21+00:00
E000754,C0097,open,2025-11-03T17:53:11+00:00
E000755,C0097,open,2025-12-02T15:58:30+00:00
E000756,C0097,click,2025-10-24T18:40:29+00:00
E000757,C0097,click,2025-11-07T14:50:52+00:00
E000758,C0097,open,2026-01-07T09:36:46+00:00
E000759,C0097,open,2025-11-04T18:36:43+00:00
E000760,C0098,click,2025-11-30T11:17:53+00:00
E000761,C0098,open,2025-11-23T11:36:38+00:00
E000762,C0098,open,2025-10-26T12:45:54+00:00
E000763,C0098,open,2026-01-10T10:31:56+00:00
E000764,C0098,open,2025-11-18T09:13:33+00:00
E000765,C0098,open,2025-12-28T10:49:12+00:00
E000766,C0098,click,2025-11-16T13:57:32+00:00
E000767,C0098,open,2025-12-02T23:55:33+00:00
E000768,C0098,open,2025-11-30T10:52:33+00:00
E000769,C0098,open,2025-12-28T10:29:24+00:00
E000770,C0099,open,2025-12-06T21:54:38+00:00
E000771,C0099,click,2025-11-30T10:06:33+00:00
E000772,C0099,click,2025-12-06T12:40:57+00:00
E000773,C0099,open,2025-12-20T12:34:20+00:00
E000774,C0099,click,2025-10-19T11:10:17+00:00
E000775,C0099,open,2025-10-26T10:13:34+00:00
E000776,C0099,open,2025-11-30T12:36:15+00:00
E000777,C0099,open,2025-12-06T12:34:28+00:00
E000778,C0099,open,2026-01-11T10:06:24+00:00
E000779,C0099,open,2025-11-16T13:39:22+00:00
E000780,C0099,open,2025-12-20T10:59:48+00:00
E000781,C0099,click,2025-11-02T13:06:29+00:00
E000782,C0099,open,2025-10-19T13:30:14+00:00
E000783,C0100,open,2025-10-26T12:25:11+00:00
E000784,C0100,open,2025-10-19T12:29:31+00:00
E000785,C0100,open,2025-11-15T13:29:54+00:00
E000786,C0100,open,2025-11-30T11:32:06+00:00
E000787,C0100,open,2025-12-28T10:50:19+00:00
E000788,C0100,open,2025-11-23T11:39:15+00:00
E000789,C0100,open,2025-11-09T12:13:52+00:00
E000790,C0100,open,2025-11-20T13:36:50+00:00
